Filme{rank=125, titulo='The Dark Knight Rises', generos=["Action, Thriller"], descricao='"Eight years after the Joker's reign of anarchy, the Dark Knight, with the help of the enigmatic Selina, is forced from his imposed exile to save Gotham City, now on the edge of total annihilation, from the brutal guerrilla terrorist Bane."', diretor='Christopher Nolan', atores=["Christian Bale,  Tom Hardy,  Anne Hathaway, Gary Oldman"], ano=2012, duracao=164, avaliacao=8.5, votos=1222645, receita=448.13, pontuacao=78}
Filme{rank=145, titulo='Django Unchained', generos=["Drama, Western"], descricao='"With the help of a German bounty hunter , a freed slave sets out to rescue his wife from a brutal Mississippi plantation owner."', diretor='Quentin Tarantino', atores=["Jamie Foxx,  Christoph Waltz,  Leonardo DiCaprio, Kerry Washington"], ano=2012, duracao=165, avaliacao=8.4, votos=1039115, receita=162.8, pontuacao=81}
Filme{rank=456, titulo='Jagten', generos=[Drama], descricao='"A teacher lives a lonely life, all the while struggling over his son's custody. His life slowly gets better as he finds love and receives good news from his son, but his new luck is about to be brutally shattered by an innocent little lie."', diretor='Thomas Vinterberg', atores=["Mads Mikkelsen,  Thomas Bo Larsen,  Annika Wedderkopp,  Lasse Fogelstrøm"], ano=2012, duracao=115, avaliacao=8.3, votos=192263, receita=0.61, pontuacao=76}
Filme{rank=77, titulo='The Avengers', generos=["Action, Sci-Fi"], descricao='Earth's mightiest heroes must come together and learn to fight as a team if they are to stop the mischievous Loki and his alien army from enslaving humanity.', diretor='Joss Whedon', atores=["Robert Downey Jr.,  Chris Evans,  Scarlett Johansson, Jeremy Renner"], ano=2012, duracao=143, avaliacao=8.1, votos=1045588, receita=623.28, pontuacao=69}
Filme{rank=236, titulo='The Perks of Being a Wallflower', generos=["Drama, Romance"], descricao='An introvert freshman is taken under the wings of two seniors who welcome him to the real world.', diretor='Stephen Chbosky', atores=["Logan Lerman,  Emma Watson,  Ezra Miller,  Paul Rudd"], ano=2012, duracao=102, avaliacao=8.0, votos=377336, receita=17.74, pontuacao=67}
Filme{rank=272, titulo='The Hobbit: An Unexpected Journey', generos=["Adventure, Fantasy"], descricao='"A reluctant hobbit, Bilbo Baggins, sets out to the Lonely Mountain with a spirited group of dwarves to reclaim their mountain home - and the gold within it - from the dragon Smaug."', diretor='Peter Jackson', atores=["Martin Freeman,  Ian McKellen,  Richard Armitage, Andy Serkis"], ano=2012, duracao=169, avaliacao=7.9, votos=668651, receita=303, pontuacao=58}
Filme{rank=695, titulo='Life of Pi', generos=["Adventure, Drama, Fantasy"], descricao='"A young man who survives a disaster at sea is hurtled into an epic journey of adventure and discovery. While cast away, he forms an unexpected connection with another survivor: a fearsome Bengal tiger."', diretor='Ang Lee', atores=["Suraj Sharma,  Irrfan Khan,  Adil Hussain,  Tabu"], ano=2012, duracao=127, avaliacao=7.9, votos=471109, receita=124.98, pontuacao=79}
Filme{rank=564, titulo='Wreck-It Ralph', generos=["Animation, Adventure, Comedy"], descricao='"A video game villain wants to be a hero and sets out to fulfill his dream, but his quest brings havoc to the whole arcade where he lives."', diretor='Rich Moore', atores=["John C. Reilly,  Jack McBrayer,  Jane Lynch,  Sarah Silverman"], ano=2012, duracao=101, avaliacao=7.8, votos=290559, receita=189.41, pontuacao=72}
Filme{rank=486, titulo='Moonrise Kingdom', generos=["Adventure, Comedy, Drama"], descricao='"A pair of young lovers flee their New England town, which causes a local search party to fan out to find them."', diretor='Wes Anderson', atores=["Jared Gilman,  Kara Hayward,  Bruce Willis,  Bill Murray"], ano=2012, duracao=94, avaliacao=7.8, votos=254446, receita=45.51, pontuacao=84}
Filme{rank=337, titulo='Silver Linings Playbook', generos=["Comedy, Drama, Romance"], descricao='"After a stint in a mental institution, former teacher Pat Solitano moves back in with his parents and tries to reconcile with his ex-wife. Things get more challenging when Pat meets Tiffany, a mysterious girl with problems of her own."', diretor='David O. Russell', atores=["Bradley Cooper,  Jennifer Lawrence,  Robert De Niro,  Jacki Weaver"], ano=2012, duracao=122, avaliacao=7.8, votos=564364, receita=132.09, pontuacao=81}
Filme{rank=271, titulo='Skyfall', generos=["Action, Adventure, Thriller"], descricao='"Bond's loyalty to M is tested when her past comes back to haunt her. Whilst MI6 comes under attack, 007 must track down and destroy the threat, no matter how personal the cost."', diretor='Sam Mendes', atores=["Daniel Craig,  Javier Bardem,  Naomie Harris,  Judi Dench"], ano=2012, duracao=143, avaliacao=7.8, votos=547386, receita=304.36, pontuacao=81}
Filme{rank=958, titulo='End of Watch', generos=["Crime, Drama, Thriller"], descricao='"Shot documentary-style, this film follows the daily grind of two young police officers in LA who are partners and friends, and what happens when they meet criminal forces greater than themselves."', diretor='David Ayer', atores=["Jake Gyllenhaal,  Michael Peña,  Anna Kendrick,  America Ferrera"], ano=2012, duracao=109, avaliacao=7.7, votos=192190, receita=40.98, pontuacao=68}
Filme{rank=475, titulo='Argo', generos=["Biography, Drama, History"], descricao='"Acting under the cover of a Hollywood producer scouting a location for a science fiction film, a CIA agent launches a dangerous operation to rescue six Americans in Tehran during the U.S. hostage crisis in Iran in 1980."', diretor='Ben Affleck', atores=["Ben Affleck,  Bryan Cranston,  John Goodman,  Alan Arkin"], ano=2012, duracao=120, avaliacao=7.7, votos=481274, receita=136.02, pontuacao=86}
Filme{rank=438, titulo='The imposible', generos=["Drama, Thriller"], descricao='The story of a tourist family in Thailand caught in the destruction and chaotic aftermath of the 2004 Indian Ocean tsunami.', diretor='J.A. Bayona', atores=["Naomi Watts,  Ewan McGregor,  Tom Holland,  Oaklee Pendergast"], ano=2012, duracao=114, avaliacao=7.6, votos=156189, receita=19, pontuacao=73}
Filme{rank=246, titulo='Les Misérables', generos=["Drama, Musical, Romance"], descricao='"In 19th-century France, Jean Valjean, who for decades has been hunted by the ruthless policeman Javert after breaking parole, agrees to care for a factory worker's daughter. The decision changes their lives forever."', diretor='Tom Hooper', atores=["Hugh Jackman,  Russell Crowe,  Anne Hathaway, Amanda Seyfried"], ano=2012, duracao=158, avaliacao=7.6, votos=257426, receita=148.78, pontuacao=63}
Filme{rank=268, titulo='Cloud Atlas', generos=["Drama, Sci-Fi"], descricao='"An exploration of how the actions of individual lives impact one another in the past, present and future, as one soul is shaped from a killer into a hero, and an act of kindness ripples across centuries to inspire a revolution."', diretor='Tom Tykwer', atores=["Tom Hanks,  Halle Berry,  Hugh Grant,  Hugo Weaving"], ano=2012, duracao=172, avaliacao=7.5, votos=298651, receita=27.1, pontuacao=55}
Filme{rank=407, titulo='Zero Dark Thirty', generos=["Drama, History, Thriller"], descricao='"A chronicle of the decade-long hunt for al-Qaeda terrorist leader Osama bin Laden after the September 2001 attacks, and his death at the hands of the Navy S.E.A.L.s Team 6 in May 2011."', diretor='Kathryn Bigelow', atores=["Jessica Chastain,  Joel Edgerton,  Chris Pratt,  Mark Strong"], ano=2012, duracao=157, avaliacao=7.4, votos=226661, receita=95.72, pontuacao=95}
Filme{rank=334, titulo='Lincoln', generos=["Biography, Drama, History"], descricao='"As the War continues to rage, America's president struggles with continuing carnage on the battlefield as he fights with many inside his own cabinet on the decision to emancipate the slaves."', diretor='Steven Spielberg', atores=["Daniel Day-Lewis,  Sally Field,  David Strathairn, Joseph Gordon-Levitt"], ano=2012, duracao=150, avaliacao=7.4, votos=207497, receita=182.2, pontuacao=86}
Filme{rank=342, titulo='Looper', generos=["Action, Crime, Drama"], descricao='"In 2074, when the mob wants to get rid of someone, the target is sent into the past, where a hired gun awaits - someone like Joe - who one day learns the mob wants to 'close the loop' by sending back Joe's future self for assassination."', diretor='Rian Johnson', atores=["Joseph Gordon-Levitt,  Bruce Willis,  Emily Blunt,  Paul Dano"], ano=2012, duracao=119, avaliacao=7.4, votos=452369, receita=66.47, pontuacao=84}
Filme{rank=846, titulo='Flight', generos=["Drama, Thriller"], descricao='"An airline pilot saves almost all his passengers on his malfunctioning airliner which eventually crashed, but an investigation into the accident reveals something troubling."', diretor='Robert Zemeckis', atores=["Denzel Washington,  Nadine Velazquez,  Don Cheadle,  John Goodman"], ano=2012, duracao=138, avaliacao=7.3, votos=276347, receita=93.75, pontuacao=76}
Filme{rank=638, titulo='Lawless', generos=["Crime, Drama"], descricao='"Set in Depression-era Franklin County, Virginia, a trio of bootlegging brothers are threatened by a new special deputy and other authorities angling for a cut of their profits."', diretor='John Hillcoat', atores=["Tom Hardy,  Shia LaBeouf,  Guy Pearce,  Jason Clarke"], ano=2012, duracao=116, avaliacao=7.3, votos=195360, receita=37.4, pontuacao=58}
Filme{rank=136, titulo='The Place Beyond the Pines', generos=["Crime, Drama, Thriller"], descricao='"A motorcycle stunt rider turns to robbing banks as a way to provide for his lover and their newborn child, a decision that puts him on a collision course with an ambitious rookie cop navigating a department ruled by a corrupt detective."', diretor='Derek Cianfrance', atores=["Ryan Gosling,  Bradley Cooper,  Eva Mendes, Craig Van Hook"], ano=2012, duracao=140, avaliacao=7.3, votos=200090, receita=21.38, pontuacao=68}
Filme{rank=590, titulo='Brave', generos=["Animation, Adventure, Comedy"], descricao='"Determined to make her own path in life, Princess Merida defies a custom that brings chaos to her kingdom. Granted one wish, Merida must rely on her bravery and her archery skills to undo a beastly curse."', diretor='Mark Andrews', atores=["Kelly Macdonald, Billy Connolly,  Emma Thompson,  Julie Walters"], ano=2012, duracao=93, avaliacao=7.2, votos=293941, receita=237.28, pontuacao=69}
Filme{rank=273, titulo='21 Jump Street', generos=["Action, Comedy, Crime"], descricao='A pair of underachieving cops are sent back to a local high school to blend in and bring down a synthetic drug ring.', diretor='Phil Lord', atores=["Jonah Hill,  Channing Tatum,  Ice Cube, Brie Larson"], ano=2012, duracao=110, avaliacao=7.2, votos=432046, receita=138.45, pontuacao=69}
Filme{rank=802, titulo='Seven Psychopaths', generos=["Comedy, Crime"], descricao='A struggling screenwriter inadvertently becomes entangled in the Los Angeles criminal underworld after his oddball friends kidnap a gangster's beloved Shih Tzu.', diretor='Martin McDonagh', atores=["Colin Farrell,  Woody Harrelson,  Sam Rockwell, Christopher Walken"], ano=2012, duracao=110, avaliacao=7.2, votos=196652, receita=14.99, pontuacao=66}
Filme{rank=152, titulo='The Hunger Games', generos=["Adventure, Sci-Fi, Thriller"], descricao='Katniss Everdeen voluntarily takes her younger sister's place in the Hunger Games: a televised competition in which two teenagers from each of the twelve Districts of Panem are chosen at random to fight to the death.', diretor='Gary Ross', atores=["Jennifer Lawrence,  Josh Hutcherson,  Liam Hemsworth, Stanley Tucci"], ano=2012, duracao=142, avaliacao=7.2, votos=735604, receita=408, pontuacao=68}
Filme{rank=292, titulo='Pitch Perfect', generos=["Comedy, Music, Romance"], descricao='"Beca, a freshman at Barden University, is cajoled into joining The Bellas, her school's all-girls singing group. Injecting some much needed energy into their repertoire, The Bellas take on their male rivals in a campus competition."', diretor='Jason Moore', atores=["Anna Kendrick,  Brittany Snow,  Rebel Wilson,  Anna Camp"], ano=2012, duracao=112, avaliacao=7.2, votos=226631, receita=65, pontuacao=66}
Filme{rank=447, titulo='Dredd', generos=["Action, Sci-Fi"], descricao='"In a violent, futuristic city where the police have the authority to act as judge, jury and executioner, a cop teams with a trainee to take down a gang that deals the reality-altering drug, SLO-MO."', diretor='Pete Travis', atores=["Karl Urban,  Olivia Thirlby,  Lena Headey,  Rachel Wood"], ano=2012, duracao=95, avaliacao=7.1, votos=213764, receita=13.4, pontuacao=59}
Filme{rank=930, titulo='The Master', generos=[Drama], descricao='A Naval veteran arrives home from war unsettled and uncertain of his future - until he is tantalized by The Cause and its charismatic leader.', diretor='Paul Thomas Anderson', atores=["Philip Seymour Hoffman,  Joaquin Phoenix, Amy Adams,  Jesse Plemons"], ano=2012, duracao=144, avaliacao=7.1, votos=112902, receita=16.38, pontuacao=null}
Filme{rank=702, titulo='Ted', generos=["Comedy, Fantasy"], descricao='"John Bennett, a man whose childhood wish of bringing his teddy bear to life came true, now must decide between keeping the relationship with the bear or his girlfriend, Lori."', diretor='Seth MacFarlane', atores=["Mark Wahlberg,  Mila Kunis,  Seth MacFarlane,  Joel McHale"], ano=2012, duracao=106, avaliacao=7.0, votos=494641, receita=218.63, pontuacao=62}
Filme{rank=303, titulo='The Cabin in the Woods', generos=[Horror], descricao='"Five friends go for a break at a remote cabin, where they get more than they bargained for, discovering the truth behind the cabin in the woods."', diretor='Drew Goddard', atores=["Kristen Connolly,  Chris Hemsworth,  Anna Hutchison, Fran Kranz"], ano=2012, duracao=95, avaliacao=7.0, votos=295554, receita=42.04, pontuacao=72}
Filme{rank=2, titulo='Prometheus', generos=["Adventure, Mystery, Sci-Fi"], descricao='"Following clues to the origin of mankind, a team finds a structure on a distant moon, but they soon realize they are not alone."', diretor='Ridley Scott', atores=["Noomi Rapace,  Logan Marshall-Green,  Michael Fassbender,  Charlize Theron"], ano=2012, duracao=124, avaliacao=7.0, votos=485820, receita=126.46, pontuacao=65}
Filme{rank=369, titulo='The Amazing Spider-Man', generos=["Action, Adventure"], descricao='"After Peter Parker is bitten by a genetically altered spider, he gains newfound, spider-like powers and ventures out to solve the mystery of his parent's mysterious death."', diretor='Marc Webb', atores=["Andrew Garfield,  Emma Stone,  Rhys Ifans,  Irrfan Khan"], ano=2012, duracao=136, avaliacao=7.0, votos=474320, receita=262.03, pontuacao=66}
Filme{rank=537, titulo='Jack Reacher', generos=["Action, Crime, Mystery"], descricao='A homicide investigator digs deeper into a case involving a trained military sniper who shot five random victims.', diretor='Christopher McQuarrie', atores=["Tom Cruise,  Rosamund Pike,  Richard Jenkins,  Werner Herzog"], ano=2012, duracao=130, avaliacao=7.0, votos=250811, receita=58.68, pontuacao=50}
Filme{rank=662, titulo='The First Time', generos=["Comedy, Drama, Romance"], descricao='A shy senior and a down-to-earth junior fall in love over one weekend.', diretor='Jon Kasdan', atores=["Dylan O'Brien,  Britt Robertson,  Victoria Justice,  James Frecheville"], ano=2012, duracao=95, avaliacao=6.9, votos=54027, receita=0.02, pontuacao=55}
Filme{rank=563, titulo='Sinister', generos=["Horror, Mystery"], descricao='Washed-up true-crime writer Ellison Oswalt finds a box of super 8 home movies that suggest the murder he is currently researching is the work of a serial killer whose work dates back to the 1960s.', diretor='Scott Derrickson', atores=["Ethan Hawke,  Juliet Rylance,  James Ransone, Fred Dalton Thompson"], ano=2012, duracao=110, avaliacao=6.8, votos=171169, receita=48.06, pontuacao=53}
Filme{rank=497, titulo='Men in Black 3', generos=["Action, Adventure, Comedy"], descricao='Agent J travels in time to M.I.B.'s early days in 1969 to stop an alien from assassinating his friend Agent K and changing history.', diretor='Barry Sonnenfeld', atores=["Will Smith,  Tommy Lee Jones,  Josh Brolin, Jemaine Clement"], ano=2012, duracao=106, avaliacao=6.8, votos=278379, receita=179.02, pontuacao=58}
Filme{rank=995, titulo='Project X', generos=[Comedy], descricao='"3 high school seniors throw a birthday party to make a name for themselves. As the night progresses, things spiral out of control as word of the party spreads."', diretor='Nima Nourizadeh', atores=["Thomas Mann,  Oliver Cooper,  Jonathan Daniel Brown,  Dax Flame"], ano=2012, duracao=88, avaliacao=6.7, votos=164088, receita=54.72, pontuacao=48}
Filme{rank=530, titulo='The Bourne Legacy', generos=["Action, Adventure, Mystery"], descricao='"An expansion of the universe from Robert Ludlum's novels, centered on a new hero whose stakes have been triggered by the events of the previous three films."', diretor='Tony Gilroy', atores=["Jeremy Renner,  Rachel Weisz,  Edward Norton,  Scott Glenn"], ano=2012, duracao=135, avaliacao=6.7, votos=245374, receita=113.17, pontuacao=61}
Filme{rank=640, titulo='American Reunion', generos=[Comedy], descricao='"Jim, Michelle, Stifler, and their friends reunite in East Great Falls, Michigan for their high school reunion."', diretor='Jon Hurwitz', atores=["Jason Biggs,  Alyson Hannigan, Seann William Scott,  Chris Klein"], ano=2012, duracao=113, avaliacao=6.7, votos=178471, receita=56.72, pontuacao=49}
Filme{rank=666, titulo='Anna Karenina', generos=["Drama, Romance"], descricao='"In late-19th-century Russian high society, St. Petersburg aristocrat Anna Karenina enters into a life-changing affair with the dashing Count Alexei Vronsky."', diretor='Joe Wright', atores=["Keira Knightley,  Jude Law,  Aaron Taylor-Johnson, Matthew Macfadyen"], ano=2012, duracao=129, avaliacao=6.6, votos=75291, receita=12.8, pontuacao=63}
Filme{rank=917, titulo='The Expendables 2', generos=["Action, Adventure, Thriller"], descricao='"Mr. Church reunites the Expendables for what should be an easy paycheck, but when one of their men is murdered on the job, their quest for revenge puts them deep in enemy territory and up against an unexpected threat."', diretor='Simon West', atores=["Sylvester Stallone,  Liam Hemsworth,  Randy Couture, Jean-Claude Van Damme"], ano=2012, duracao=103, avaliacao=6.6, votos=257395, receita=85.02, pontuacao=51}
Filme{rank=390, titulo='John Carter', generos=["Action, Adventure, Sci-Fi"], descricao='"Transported to Barsoom, a Civil War vet discovers a barren planet seemingly inhabited by 12-foot tall barbarians. Finding himself prisoner of these creatures, he escapes, only to encounter Woola and a princess in desperate need of a savior."', diretor='Andrew Stanton', atores=["Taylor Kitsch,  Lynn Collins,  Willem Dafoe, Samantha Morton"], ano=2012, duracao=132, avaliacao=6.6, votos=220667, receita=73.06, pontuacao=51}
Filme{rank=795, titulo='Man on a Ledge', generos=["Action, Crime, Thriller"], descricao='"As a police psychologist works to talk down an ex-con who is threatening to jump from a Manhattan hotel rooftop, the biggest diamond heist ever committed is in motion."', diretor='Asger Leth', atores=["Sam Worthington,  Elizabeth Banks,  Jamie Bell,  Mandy Gonzalez"], ano=2012, duracao=102, avaliacao=6.6, votos=129252, receita=18.6, pontuacao=40}
Filme{rank=888, titulo='The Lucky One', generos=["Drama, Romance"], descricao='A Marine travels to Louisiana after serving three tours in Iraq and searches for the unknown woman he believes was his good luck charm during the war.', diretor='Scott Hicks', atores=["Zac Efron,  Taylor Schilling,  Blythe Danner,  Riley Thomas Stewart"], ano=2012, duracao=101, avaliacao=6.5, votos=82874, receita=60.44, pontuacao=39}
Filme{rank=507, titulo='Savages', generos=["Crime, Drama, Thriller"], descricao='Pot growers Ben and Chon face off against the Mexican drug cartel who kidnapped their shared girlfriend.', diretor='Oliver Stone', atores=["Aaron Taylor-Johnson,  Taylor Kitsch,  Blake Lively, Benicio Del Toro"], ano=2012, duracao=131, avaliacao=6.5, votos=107960, receita=47.31, pontuacao=59}
Filme{rank=832, titulo='Diary of a Wimpy Kid: Dog Days', generos=["Comedy, Family"], descricao='"School's out. Summer vacation is on. However, Greg may not have the best summer vacation ever. What could go wrong?"', diretor='David Bowers', atores=["Zachary Gordon,  Robert Capron,  Devon Bostick, Steve Zahn"], ano=2012, duracao=94, avaliacao=6.4, votos=16917, receita=49, pontuacao=54}
Filme{rank=622, titulo='Underworld Awakening', generos=["Action, Fantasy, Horror"], descricao='"When human forces discover the existence of the Vampire and Lycan clans, a war to eradicate both species commences. The vampire warrior Selene leads the battle against humankind."', diretor='Måns Mårlind', atores=["Kate Beckinsale,  Michael Ealy,  India Eisley,  Stephen Rea"], ano=2012, duracao=88, avaliacao=6.4, votos=127157, receita=62.32, pontuacao=39}
Filme{rank=835, titulo='The Dictator', generos=[Comedy], descricao='The heroic story of a dictator who risked his life to ensure that democracy would never come to the country he so lovingly oppressed.', diretor='Larry Charles', atores=["Sacha Baron Cohen,  Anna Faris,  John C. Reilly,  Ben Kingsley"], ano=2012, duracao=83, avaliacao=6.4, votos=225394, receita=59.62, pontuacao=58}
Filme{rank=814, titulo='To Rome with Love', generos=["Comedy, Romance"], descricao='"The lives of some visitors and residents of Rome and the romances, adventures and predicaments they get into."', diretor='Woody Allen', atores=["Woody Allen,  Penélope Cruz,  Jesse Eisenberg,  Ellen Page"], ano=2012, duracao=112, avaliacao=6.3, votos=72050, receita=16.68, pontuacao=54}
