Filme{rank=431, titulo='3 Idiots', generos=["Comedy, Drama"], descricao='"Two friends are searching for their long lost companion. They revisit their college days and recall the memories of their friend who inspired them to think differently, even as the rest of the world called them ""idiots""."', diretor='Rajkumar Hirani', atores=["Aamir Khan,  Madhavan,  Mona Singh,  Sharman Joshi"], ano=2009, duracao=170, avaliacao=8.4, votos=238789, receita=6.52, pontuacao=67}
Filme{rank=500, titulo='Up', generos=["Animation, Adventure, Comedy"], descricao='"Seventy-eight year old Carl Fredricksen travels to Paradise Falls in his home equipped with balloons, inadvertently taking a young stowaway."', diretor='Pete Docter', atores=["Edward Asner,  Jordan Nagai,  John Ratzenberger,  Christopher Plummer"], ano=2009, duracao=96, avaliacao=8.3, votos=722203, receita=292.98, pontuacao=88}
Filme{rank=78, titulo='Inglourious Basterds', generos=["Adventure, Drama, War"], descricao='"In Nazi-occupied France during World War II, a plan to assassinate Nazi leaders by a group of Jewish U.S. soldiers coincides with a theatre owner's vengeful plans for the same."', diretor='Quentin Tarantino', atores=["Brad Pitt,  Diane Kruger,  Eli Roth, Mélanie Laurent"], ano=2009, duracao=153, avaliacao=8.3, votos=959065, receita=120.52, pontuacao=69}
Filme{rank=743, titulo='El secreto de sus ojos', generos=["Drama, Mystery, Romance"], descricao='A retired legal counselor writes a novel hoping to find closure for one of his past unresolved homicide cases and for his unreciprocated love with his superior - both of which still haunt him decades later.', diretor='Juan José Campanella', atores=["Ricardo Darín,  Soledad Villamil,  Pablo Rago, Carla Quevedo"], ano=2009, duracao=129, avaliacao=8.2, votos=144524, receita=20.17, pontuacao=80}
Filme{rank=696, titulo='Hachi: A Dog's Tale', generos=["Drama, Family"], descricao='A college professor's bond with the abandoned dog he takes into his home.', diretor='Lasse Hallström', atores=["Richard Gere,  Joan Allen,  Cary-Hiroyuki Tagawa, Sarah Roemer"], ano=2009, duracao=93, avaliacao=8.1, votos=177602, receita=0.00, pontuacao=61}
Filme{rank=141, titulo='Star Trek', generos=["Action, Adventure, Sci-Fi"], descricao='The brash James T. Kirk tries to live up to his father's legacy with Mr. Spock keeping him in check as a vengeful Romulan from the future creates black holes to destroy the Federation one planet at a time.', diretor='J.J. Abrams', atores=["Chris Pine,  Zachary Quinto,  Simon Pegg,  Leonard Nimoy"], ano=2009, duracao=127, avaliacao=8.0, votos=526324, receita=257.7, pontuacao=82}
Filme{rank=469, titulo='District 9', generos=["Action, Sci-Fi, Thriller"], descricao='An extraterrestrial race forced to live in slum-like conditions on Earth suddenly finds a kindred spirit in a government agent who is exposed to their biotechnology.', diretor='Neill Blomkamp', atores=["Sharlto Copley,  David James,  Jason Cope,  Nathalie Boltt"], ano=2009, duracao=112, avaliacao=8.0, votos=556794, receita=115.65, pontuacao=81}
Filme{rank=599, titulo='Moon', generos=["Drama, Mystery, Sci-Fi"], descricao='"Astronaut Sam Bell has a quintessentially personal encounter toward the end of his three-year stint on the Moon, where he, working alongside his computer, GERTY, sends back to Earth parcels of a resource that has helped diminish our planet's power problems."', diretor='Duncan Jones', atores=["Sam Rockwell,  Kevin Spacey,  Dominique McElligott, Rosie Shaw"], ano=2009, duracao=97, avaliacao=7.9, votos=277123, receita=5.01, pontuacao=67}
Filme{rank=505, titulo='Mr. Nobody', generos=["Drama, Fantasy, Romance"], descricao='"A boy stands on a station platform as a train is about to leave. Should he go with his mother or stay with his father? Infinite possibilities arise from this decision. As long as he doesn't choose, anything is possible."', diretor='Jaco Van Dormael', atores=["Jared Leto,  Sarah Polley,  Diane Kruger,  Linh Dan Pham"], ano=2009, duracao=141, avaliacao=7.9, votos=166872, receita=0.00, pontuacao=63}
Filme{rank=256, titulo='The Hangover', generos=[Comedy], descricao='"Three buddies wake up from a bachelor party in Las Vegas, with no memory of the previous night and the bachelor missing. They make their way around the city in order to find their friend before his wedding."', diretor='Todd Phillips', atores=["Zach Galifianakis,  Bradley Cooper,  Justin Bartha,  Ed Helms"], ano=2009, duracao=100, avaliacao=7.8, votos=611563, receita=277.31, pontuacao=73}
Filme{rank=591, titulo='Män som hatar kvinnor', generos=["Drama, Mystery, Thriller"], descricao='A journalist is aided in his search for a woman who has been missing -- or dead -- for forty years by a young female hacker.', diretor='Niels Arden Oplev', atores=["Michael Nyqvist,  Noomi Rapace,  Ewa Fröling, Lena Endre"], ano=2009, duracao=152, avaliacao=7.8, votos=182074, receita=10.1, pontuacao=76}
Filme{rank=88, titulo='Avatar', generos=["Action, Adventure, Fantasy"], descricao='A paraplegic marine dispatched to the moon Pandora on a unique mission becomes torn between following his orders and protecting the world he feels is his home.', diretor='James Cameron', atores=["Sam Worthington,  Zoe Saldana,  Sigourney Weaver,  Michelle Rodriguez"], ano=2009, duracao=162, avaliacao=7.8, votos=935408, receita=760.51, pontuacao=83}
Filme{rank=815, titulo='Fantastic Mr. Fox', generos=["Animation, Adventure, Comedy"], descricao='An urbane fox cannot resist returning to his farm raiding ways and then must help his community survive the farmers' retaliation.', diretor='Wes Anderson', atores=["George Clooney,  Meryl Streep,  Bill Murray,  Jason Schwartzman"], ano=2009, duracao=87, avaliacao=7.8, votos=149779, receita=21, pontuacao=83}
Filme{rank=443, titulo='Coraline', generos=["Animation, Family, Fantasy"], descricao='"An adventurous girl finds another world that is a strangely idealized version of her frustrating home, but it has sinister secrets."', diretor='Henry Selick', atores=["Dakota Fanning,  Teri Hatcher,  John Hodgman,  Jennifer Saunders"], ano=2009, duracao=100, avaliacao=7.7, votos=156620, receita=75.28, pontuacao=80}
Filme{rank=311, titulo='The Blind Side', generos=["Biography, Drama, Sport"], descricao='"The story of Michael Oher, a homeless and traumatized boy who became an All American football player and first round NFL draft pick with the help of a caring woman and her family."', diretor='John Lee Hancock', atores=["Quinton Aaron,  Sandra Bullock,  Tim McGraw, Jae Head"], ano=2009, duracao=129, avaliacao=7.7, votos=237221, receita=255.95, pontuacao=53}
Filme{rank=364, titulo='Zombieland', generos=["Adventure, Comedy, Horror"], descricao='"A shy student trying to reach his family in Ohio, a gun-toting tough guy trying to find the last Twinkie, and a pair of sisters trying to get to an amusement park join forces to travel across a zombie-filled America."', diretor='Ruben Fleischer', atores=["Jesse Eisenberg,  Emma Stone,  Woody Harrelson, Abigail Breslin"], ano=2009, duracao=88, avaliacao=7.7, votos=409403, receita=75.59, pontuacao=73}
Filme{rank=508, titulo='(500) Days of Summer', generos=["Comedy, Drama, Romance"], descricao='"An offbeat romantic comedy about a woman who doesn't believe true love exists, and the young man who falls for her."', diretor='Marc Webb', atores=["Zooey Deschanel,  Joseph Gordon-Levitt,  Geoffrey Arend,  Chloë Grace Moretz"], ano=2009, duracao=95, avaliacao=7.7, votos=398972, receita=32.39, pontuacao=76}
Filme{rank=148, titulo='Watchmen', generos=["Action, Drama, Mystery"], descricao='"In 1985 where former superheroes exist, the murder of a colleague sends active vigilante Rorschach into his own sprawling investigation, uncovering something that could completely change the course of history as we know it."', diretor='Zack Snyder', atores=["Jackie Earle Haley,  Patrick Wilson,  Carla Gugino, Malin Akerman"], ano=2009, duracao=162, avaliacao=7.6, votos=410249, receita=107.5, pontuacao=56}
Filme{rank=282, titulo='Sherlock Holmes', generos=["Action, Adventure, Crime"], descricao='Detective Sherlock Holmes and his stalwart partner Watson engage in a battle of wits and brawn with a nemesis whose plot is a threat to all of England.', diretor='Guy Ritchie', atores=["Robert Downey Jr.,  Jude Law,  Rachel McAdams,  Mark Strong"], ano=2009, duracao=128, avaliacao=7.6, votos=501769, receita=209.02, pontuacao=57}
Filme{rank=474, titulo='Harry Potter and the Half-Blood Prince', generos=["Adventure, Family, Fantasy"], descricao='"As Harry Potter begins his sixth year at Hogwarts, he discovers an old book marked as ""the property of the Half-Blood Prince"" and begins to learn more about Lord Voldemort's dark past."', diretor='David Yates', atores=["Daniel Radcliffe,  Emma Watson,  Rupert Grint,  Michael Gambon"], ano=2009, duracao=153, avaliacao=7.5, votos=351059, receita=301.96, pontuacao=78}
Filme{rank=940, titulo='Up in the Air', generos=["Drama, Romance"], descricao='"Ryan Bingham enjoys living out of a suitcase for his job traveling around the country firing people, but finds that lifestyle threatened by the presence of a potential love interest and a new hire."', diretor='Jason Reitman', atores=["George Clooney,  Vera Farmiga,  Anna Kendrick, Jason Bateman"], ano=2009, duracao=109, avaliacao=7.4, votos=279694, receita=83.81, pontuacao=null}
Filme{rank=499, titulo='Law Abiding Citizen', generos=["Crime, Drama, Thriller"], descricao='A frustrated man decides to take justice into his own hands after a plea bargain sets one of his family's killers free. He targets not only the killer but also the district attorney and others involved in the deal.', diretor='F. Gary Gray', atores=["Gerard Butler,  Jamie Foxx,  Leslie Bibb,  Colm Meaney"], ano=2009, duracao=109, avaliacao=7.4, votos=228339, receita=73.34, pontuacao=34}
Filme{rank=756, titulo='The Road', generos=["Adventure, Drama"], descricao='"In a dangerous post-apocalyptic world, an ailing father defends his son as they slowly travel to the sea."', diretor='John Hillcoat', atores=["Viggo Mortensen,  Charlize Theron,  Kodi Smit-McPhee, Robert Duvall"], ano=2009, duracao=111, avaliacao=7.3, votos=187302, receita=0.06, pontuacao=null}
Filme{rank=252, titulo='Kynodontas', generos=["Drama, Thriller"], descricao='"Three teenagers live isolated, without leaving their house, because their over-protective parents say they can only leave when their dogtooth falls out."', diretor='Yorgos Lanthimos', atores=["Christos Stergioglou,  Michele Valley,  Angeliki Papoulia,  Hristos Passalis"], ano=2009, duracao=94, avaliacao=7.3, votos=50946, receita=0.11, pontuacao=73}
Filme{rank=927, titulo='Precious', generos=[Drama], descricao='"In New York City's Harlem circa 1987, an overweight, abused, illiterate teen who is pregnant with her second child is invited to enroll in an alternative school in hopes that her life can head in a new direction."', diretor='Lee Daniels', atores=["Gabourey Sidibe,  Mo'Nique,  Paula Patton,  Mariah Carey"], ano=2009, duracao=110, avaliacao=7.3, votos=91623, receita=47.54, pontuacao=79}
Filme{rank=844, titulo='The Princess and the Frog', generos=["Animation, Adventure, Comedy"], descricao='"A waitress, desperate to fulfill her dreams as a restaurant owner, is set on a journey to turn a frog prince back into a human being, but she has to face the same problem after she kisses him."', diretor='Ron Clements', atores=["Anika Noni Rose,  Keith David,  Oprah Winfrey,  Bruno Campos"], ano=2009, duracao=97, avaliacao=7.1, votos=95480, receita=104.37, pontuacao=73}
Filme{rank=656, titulo='Public Enemies', generos=["Biography, Crime, Drama"], descricao='"The Feds try to take down notorious American gangsters John Dillinger, Baby Face Nelson and Pretty Boy Floyd during a booming crime wave in the 1930s."', diretor='Michael Mann', atores=["Christian Bale,  Johnny Depp,  Christian Stolte,  Jason Clarke"], ano=2009, duracao=140, avaliacao=7.0, votos=240323, receita=97.03, pontuacao=70}
Filme{rank=813, titulo='Orphan', generos=["Horror, Mystery, Thriller"], descricao='A husband and wife who recently lost their baby adopt a nine year-old girl who is not nearly as innocent as she claims to be.', diretor='Jaume Collet-Serra', atores=["Vera Farmiga,  Peter Sarsgaard,  Isabelle Fuhrman,  CCH Pounder"], ano=2009, duracao=123, avaliacao=7.0, votos=153448, receita=41.57, pontuacao=42}
Filme{rank=946, titulo='Triangle', generos=["Fantasy, Mystery, Thriller"], descricao='"The story revolves around the passengers of a yachting trip in the Atlantic Ocean who, when struck by mysterious weather conditions, jump to another ship only to experience greater havoc on the open seas."', diretor='Christopher Smith', atores=["Melissa George,  Joshua McIvor,  Jack Taylor, Michael Dorman"], ano=2009, duracao=99, avaliacao=6.9, votos=72533, receita=0.00, pontuacao=66}
Filme{rank=453, titulo='Pandorum', generos=["Action, Horror, Mystery"], descricao='A pair of crew members aboard a spaceship wake up with no knowledge of their mission or their identities.', diretor='Christian Alvart', atores=["Dennis Quaid,  Ben Foster,  Cam Gigandet,  Antje Traue"], ano=2009, duracao=108, avaliacao=6.8, votos=126656, receita=10.33, pontuacao=28}
Filme{rank=822, titulo='The Imaginarium of Doctor Parnassus', generos=["Adventure, Fantasy, Mystery"], descricao='A traveling theater company gives its audience much more than they were expecting.', diretor='Terry Gilliam', atores=["Christopher Plummer,  Lily Cole,  Heath Ledger, Andrew Garfield"], ano=2009, duracao=123, avaliacao=6.8, votos=130153, receita=7.69, pontuacao=65}
Filme{rank=915, titulo='Notorious', generos=["Biography, Crime, Drama"], descricao='"The life and death story of Notorious B.I.G. (a.k.a. Christopher Wallace), who came straight out of Brooklyn to take the world of rap music by storm."', diretor='George Tillman Jr.', atores=["Jamal Woolard,  Anthony Mackie,  Derek Luke, Momo Dione"], ano=2009, duracao=122, avaliacao=6.7, votos=33007, receita=36.84, pontuacao=60}
Filme{rank=457, titulo='The Proposal', generos=["Comedy, Drama, Romance"], descricao='A pushy boss forces her young assistant to marry her in order to keep her visa status in the U.S. and avoid deportation to Canada.', diretor='Anne Fletcher', atores=["Sandra Bullock,  Ryan Reynolds,  Mary Steenburgen, Craig T. Nelson"], ano=2009, duracao=108, avaliacao=6.7, votos=241709, receita=163.95, pontuacao=48}
Filme{rank=613, titulo='The Lovely Bones', generos=["Drama, Fantasy, Thriller"], descricao='Centers on a young girl who has been murdered and watches over her family - and her killer - from purgatory. She must weigh her desire for vengeance against her desire for her family to heal.', diretor='Peter Jackson', atores=["Rachel Weisz,  Mark Wahlberg,  Saoirse Ronan,  Susan Sarandon"], ano=2009, duracao=135, avaliacao=6.7, votos=130702, receita=43.98, pontuacao=42}
Filme{rank=269, titulo='X-Men Origins: Wolverine', generos=["Action, Adventure, Sci-Fi"], descricao='"A look at Wolverine's early life, in particular his time with the government squad Team X and the impact it will have on his later years."', diretor='Gavin Hood', atores=["Hugh Jackman,  Liev Schreiber,  Ryan Reynolds,  Danny Huston"], ano=2009, duracao=107, avaliacao=6.7, votos=388447, receita=179.88, pontuacao=40}
Filme{rank=857, titulo='Terminator Salvation', generos=["Action, Adventure, Drama"], descricao='"In 2018, a mysterious new weapon in the war against the machines, half-human and half-machine, comes to John Connor on the eve of a resistance attack on Skynet. But whose side is he on, and can he be trusted?"', diretor='McG', atores=["Christian Bale,  Sam Worthington,  Anton Yelchin,  Moon Bloodgood"], ano=2009, duracao=115, avaliacao=6.6, votos=297093, receita=125.32, pontuacao=49}
Filme{rank=623, titulo='Antichrist', generos=["Drama, Horror"], descricao='"A grieving couple retreat to their cabin in the woods, hoping to repair their broken hearts and troubled marriage. But nature takes its course and things go from bad to worse."', diretor='Lars von Trier', atores=["Willem Dafoe,  Charlotte Gainsbourg,  Storm Acheche Sahlstrøm"], ano=2009, duracao=108, avaliacao=6.6, votos=94069, receita=0.4, pontuacao=49}
Filme{rank=991, titulo='Underworld: Rise of the Lycans', generos=["Action, Adventure, Fantasy"], descricao='"An origins story centered on the centuries-old feud between the race of aristocratic vampires and their onetime slaves, the Lycans."', diretor='Patrick Tatopoulos', atores=["Rhona Mitra,  Michael Sheen,  Bill Nighy,  Steven Mackintosh"], ano=2009, duracao=92, avaliacao=6.6, votos=129708, receita=45.8, pontuacao=44}
Filme{rank=341, titulo='Fast & Furious', generos=["Action, Crime, Thriller"], descricao='"Brian O'Conner, back working for the FBI in Los Angeles, teams up with Dominic Toretto to bring down a heroin importer by infiltrating his operation."', diretor='Justin Lin', atores=["Vin Diesel,  Paul Walker,  Michelle Rodriguez,  Jordana Brewster"], ano=2009, duracao=107, avaliacao=6.6, votos=217464, receita=155.02, pontuacao=46}
Filme{rank=899, titulo='The Ugly Truth', generos=["Comedy, Romance"], descricao='A romantically challenged morning show producer is reluctantly embroiled in a series of outrageous tests by her chauvinistic correspondent to prove his theories on relationships and help ... See full summary »', diretor='Robert Luketic', atores=["Katherine Heigl,  Gerard Butler,  Bree Turner,  Eric Winter"], ano=2009, duracao=96, avaliacao=6.5, votos=172558, receita=88.92, pontuacao=28}
Filme{rank=603, titulo='He's Just Not That Into You', generos=["Comedy, Drama, Romance"], descricao='The Baltimore-set movie of interconnecting story arcs deals with the challenges of reading or misreading human behavior.', diretor='Ken Kwapis', atores=["Jennifer Aniston,  Jennifer Connelly,  Morgan Lily, Trenton Rogers"], ano=2009, duracao=129, avaliacao=6.4, votos=137684, receita=0.00, pontuacao=47}
Filme{rank=923, titulo='17 Again', generos=["Comedy, Drama, Family"], descricao='Mike O'Donnell is ungrateful for how his life turned out. He gets a chance to rewrite his life when he tried to save a janitor near a bridge and jumped after him into a time vortex.', diretor='Burr Steers', atores=["Zac Efron,  Matthew Perry,  Leslie Mann,  Thomas Lennon"], ano=2009, duracao=102, avaliacao=6.4, votos=152808, receita=64.15, pontuacao=48}
Filme{rank=711, titulo='Transformers: Revenge of the Fallen', generos=["Action, Adventure, Sci-Fi"], descricao='"Sam Witwicky leaves the Autobots behind for a normal life. But when his mind is filled with cryptic symbols, the Decepticons target him and he is dragged back into the Transformers' war."', diretor='Michael Bay', atores=["Shia LaBeouf,  Megan Fox,  Josh Duhamel,  Tyrese Gibson"], ano=2009, duracao=150, avaliacao=6.0, votos=335757, receita=402.08, pontuacao=35}
Filme{rank=823, titulo='G.I. Joe: The Rise of Cobra', generos=["Action, Adventure, Sci-Fi"], descricao='"An elite military unit comprised of special operatives known as G.I. Joe, operating out of The Pit, takes on an evil organization led by a notorious arms dealer."', diretor='Stephen Sommers', atores=["Dennis Quaid,  Channing Tatum,  Marlon Wayans, Adewale Akinnuoye-Agbaje"], ano=2009, duracao=118, avaliacao=5.8, votos=180105, receita=150.17, pontuacao=32}
Filme{rank=473, titulo='2012', generos=["Action, Adventure, Sci-Fi"], descricao='A frustrated writer struggles to keep his family alive when a series of global catastrophes threatens to annihilate mankind.', diretor='Roland Emmerich', atores=["John Cusack,  Thandie Newton,  Chiwetel Ejiofor, Amanda Peet"], ano=2009, duracao=158, avaliacao=5.8, votos=297984, receita=166.11, pontuacao=49}
Filme{rank=624, titulo='Friday the 13th', generos=[Horror], descricao='"A group of young adults discover a boarded up Camp Crystal Lake, where they soon encounter Jason Voorhees and his deadly intentions."', diretor='Marcus Nispel', atores=["Jared Padalecki,  Amanda Righetti,  Derek Mears, Danielle Panabaker"], ano=2009, duracao=97, avaliacao=5.6, votos=78631, receita=65, pontuacao=34}
Filme{rank=398, titulo='Couples Retreat', generos=[Comedy], descricao='"A comedy centered around four couples who settle into a tropical-island resort for a vacation. While one of the couples is there to work on the marriage, the others fail to realize that participation in the resort's therapy sessions is not optional."', diretor='Peter Billingsley', atores=["Vince Vaughn,  Malin Akerman,  Jon Favreau,  Jason Bateman"], ano=2009, duracao=113, avaliacao=5.5, votos=86417, receita=109.18, pontuacao=23}
Filme{rank=900, titulo='Bride Wars', generos=["Comedy, Romance"], descricao='Two best friends become rivals when they schedule their respective weddings on the same day.', diretor='Gary Winick', atores=["Kate Hudson,  Anne Hathaway,  Candice Bergen,  Bryan Greenberg"], ano=2009, duracao=89, avaliacao=5.5, votos=83976, receita=58.72, pontuacao=24}
Filme{rank=349, titulo='Jennifer's Body', generos=["Comedy, Horror"], descricao='A newly possessed high school cheerleader turns into a succubus who specializes in killing her male classmates. Can her best friend put an end to the horror?', diretor='Karyn Kusama', atores=["Megan Fox,  Amanda Seyfried,  Adam Brody,  Johnny Simmons"], ano=2009, duracao=102, avaliacao=5.1, votos=96617, receita=16.2, pontuacao=47}
Filme{rank=937, titulo='The Human Centipede (First Sequence)', generos=[Horror], descricao='"A mad scientist kidnaps and mutilates a trio of tourists in order to reassemble them into a human centipede, created by stitching their mouths to each others' rectums."', diretor='Tom Six', atores=["Dieter Laser,  Ashley C. Williams,  Ashlynn Yennie,  Akihiro Kitamura"], ano=2009, duracao=92, avaliacao=4.4, votos=60655, receita=0.18, pontuacao=33}
