Filme{rank=55, titulo='The Dark Knight', generos=["Action, Crime, Drama"], descricao='"When the menace known as the Joker wreaks havoc and chaos on the people of Gotham, the Dark Knight must come to terms with one of the greatest psychological tests of his ability to fight injustice."', diretor='Christopher Nolan', atores=["Christian Bale,  Heath Ledger,  Aaron Eckhart, Michael Caine"], ano=2008, duracao=152, avaliacao=9.0, votos=1791916, receita=533.32, pontuacao=82}
Filme{rank=635, titulo='WALL·E', generos=["Animation, Adventure, Family"], descricao='"In the distant future, a small waste-collecting robot inadvertently embarks on a space journey that will ultimately decide the fate of mankind."', diretor='Andrew Stanton', atores=["Ben Burtt,  Elissa Knight,  Jeff Garlin,  Fred Willard"], ano=2008, duracao=98, avaliacao=8.4, votos=776897, receita=223.81, pontuacao=null}
Filme{rank=646, titulo='Gran Torino', generos=[Drama], descricao='"Disgruntled Korean War veteran Walt Kowalski sets out to reform his neighbor, a Hmong teenager who tried to steal Kowalski's prized possession: a 1972 Gran Torino."', diretor='Clint Eastwood', atores=["Clint Eastwood,  Bee Vang,  Christopher Carley, Ahney Her"], ano=2008, duracao=116, avaliacao=8.2, votos=595779, receita=148.09, pontuacao=null}
Filme{rank=366, titulo='Slumdog Millionaire', generos=[Drama], descricao='"A Mumbai teen reflects on his upbringing in the slums when he is accused of cheating on the Indian Version of ""Who Wants to be a Millionaire?"""', diretor='Danny Boyle', atores=["Dev Patel,  Freida Pinto,  Saurabh Shukla,  Anil Kapoor"], ano=2008, duracao=120, avaliacao=8.0, votos=677044, receita=141.32, pontuacao=86}
Filme{rank=753, titulo='In Bruges', generos=["Comedy, Crime, Drama"], descricao='"Guilt-stricken after a job gone wrong, hitman Ray and his partner await orders from their ruthless boss in Bruges, Belgium, the last place in the world Ray wants to be."', diretor='Martin McDonagh', atores=["Colin Farrell,  Brendan Gleeson,  Ciarán Hinds, Elizabeth Berrington"], ano=2008, duracao=107, avaliacao=7.9, votos=322536, receita=7.76, pontuacao=67}
Filme{rank=204, titulo='Iron Man', generos=["Action, Adventure, Sci-Fi"], descricao='"After being held captive in an Afghan cave, billionaire engineer Tony Stark creates a unique weaponized suit of armor to fight evil."', diretor='Jon Favreau', atores=["Robert Downey Jr.,  Gwyneth Paltrow,  Terrence Howard,  Jeff Bridges"], ano=2008, duracao=126, avaliacao=7.9, votos=737719, receita=318.3, pontuacao=79}
Filme{rank=860, titulo='Changeling', generos=["Biography, Drama, Mystery"], descricao='"A grief-stricken mother takes on the LAPD to her own detriment when it stubbornly tries to pass off an obvious impostor as her missing child, while also refusing to give up hope that she will find him one day."', diretor='Clint Eastwood', atores=["Angelina Jolie,  Colm Feore,  Amy Ryan,  Gattlin Griffith"], ano=2008, duracao=141, avaliacao=7.8, votos=206793, receita=35.71, pontuacao=63}
Filme{rank=426, titulo='The Curious Case of Benjamin Button', generos=["Drama, Fantasy, Romance"], descricao='"Tells the story of Benjamin Button, a man who starts aging backwards with bizarre consequences."', diretor='David Fincher', atores=["Brad Pitt,  Cate Blanchett,  Tilda Swinton,  Julia Ormond"], ano=2008, duracao=166, avaliacao=7.8, votos=485075, receita=127.49, pontuacao=70}
Filme{rank=511, titulo='The Boy in the Striped Pyjamas', generos=["Drama, War"], descricao='"Set during WWII, a story seen through the innocent eyes of Bruno, the eight-year-old son of the commandant at a German concentration camp, whose forbidden friendship with a Jewish boy on the other side of the camp fence has startling and unexpected consequences."', diretor='Mark Herman', atores=["Asa Butterfield,  David Thewlis,  Rupert Friend,  Zac Mattoon O'Brien"], ano=2008, duracao=94, avaliacao=7.8, votos=144614, receita=9.03, pontuacao=55}
Filme{rank=411, titulo='Taken', generos=["Action, Thriller"], descricao='"A retired CIA agent travels across Europe and relies on his old skills to save his estranged daughter, who has been kidnapped while on a trip to Paris."', diretor='Pierre Morel', atores=["Liam Neeson,  Maggie Grace,  Famke Janssen,  Leland Orser"], ano=2008, duracao=93, avaliacao=7.8, votos=502961, receita=145, pontuacao=50}
Filme{rank=685, titulo='Seven Pounds', generos=["Drama, Romance"], descricao='A man with a fateful secret embarks on an extraordinary journey of redemption by forever changing the lives of seven strangers.', diretor='Gabriele Muccino', atores=["Will Smith,  Rosario Dawson,  Woody Harrelson, Michael Ealy"], ano=2008, duracao=123, avaliacao=7.7, votos=245144, receita=69.95, pontuacao=36}
Filme{rank=855, titulo='Kung Fu Panda', generos=["Animation, Action, Adventure"], descricao='"The Dragon Warrior has to clash against the savage Tai Lung as China's fate hangs in the balance: However, the Dragon Warrior mantle is supposedly mistaken to be bestowed upon an obese panda who is a tyro in martial arts."', diretor='Mark Osborne', atores=["Jack Black,  Ian McShane, Angelina Jolie,  Dustin Hoffman"], ano=2008, duracao=92, avaliacao=7.6, votos=329788, receita=215.4, pontuacao=73}
Filme{rank=687, titulo='Hunger', generos=["Biography, Drama"], descricao='Irish republican Bobby Sands leads the inmates of a Northern Irish prison in a hunger strike.', diretor='Steve McQueen', atores=["Stuart Graham,  Laine Megaw,  Brian Milligan,  Liam McMahon"], ano=2008, duracao=96, avaliacao=7.6, votos=54486, receita=0.15, pontuacao=82}
Filme{rank=673, titulo='The Hurt Locker', generos=["Drama, History, Thriller"], descricao='"During the Iraq War, a Sergeant recently assigned to an army bomb squad is put at odds with his squad mates due to his maverick way of handling his work."', diretor='Kathryn Bigelow', atores=["Jeremy Renner,  Anthony Mackie,  Brian Geraghty, Guy Pearce"], ano=2008, duracao=131, avaliacao=7.6, votos=352023, receita=15.7, pontuacao=94}
Filme{rank=323, titulo='RocknRolla', generos=["Action, Crime, Thriller"], descricao='"In London, a real-estate scam puts millions of pounds up for grabs, attracting some of the city's scrappiest tough guys and its more established underworld types, all of whom are looking to get rich quick. While the city's seasoned criminals vie for the cash, an unexpected player -- a drugged-out rock 'n' roller presumed to be dead but very much alive -- has a multi-million-dollar prize fall into... See full summary »"', diretor='Guy Ritchie', atores=["Gerard Butler,  Tom Wilkinson,  Idris Elba,  Thandie Newton"], ano=2008, duracao=114, avaliacao=7.3, votos=203096, receita=5.69, pontuacao=53}
Filme{rank=460, titulo='Revolutionary Road', generos=["Drama, Romance"], descricao='A young couple living in a Connecticut suburb during the mid-1950s struggle to come to terms with their personal problems while trying to raise their two children.', diretor='Sam Mendes', atores=["Leonardo DiCaprio,  Kate Winslet,  Christopher Fitzgerald,  Jonathan Roumie"], ano=2008, duracao=119, avaliacao=7.3, votos=159736, receita=22.88, pontuacao=69}
Filme{rank=481, titulo='Forgetting Sarah Marshall', generos=["Comedy, Drama, Romance"], descricao='"Devastated Peter takes a Hawaiian vacation in order to deal with the recent break-up with his TV star girlfriend, Sarah. Little does he know, Sarah's traveling to the same resort as her ex - and she's bringing along her new boyfriend."', diretor='Nicholas Stoller', atores=["Kristen Bell,  Jason Segel,  Paul Rudd,  Mila Kunis"], ano=2008, duracao=111, avaliacao=7.2, votos=226619, receita=62.88, pontuacao=67}
Filme{rank=403, titulo='Bronson', generos=["Action, Biography, Crime"], descricao='"A young man who was sentenced to seven years in prison for robbing a post office ends up spending three decades in solitary confinement. During this time, his own personality is supplanted by his alter-ego, Charles Bronson."', diretor='Nicolas Winding Refn', atores=["Tom Hardy,  Kelly Adams,  Luing Andrews, Katy Barker"], ano=2008, duracao=92, avaliacao=7.1, votos=93972, receita=0.1, pontuacao=null}
Filme{rank=738, titulo='Body of Lies', generos=["Action, Drama, Romance"], descricao='A CIA agent on the ground in Jordan hunts down a powerful terrorist leader while being caught between the unclear intentions of his American supervisors and Jordan Intelligence.', diretor='Ridley Scott', atores=["Leonardo DiCaprio,  Russell Crowe,  Mark Strong, Golshifteh Farahani"], ano=2008, duracao=128, avaliacao=7.1, votos=182305, receita=39.38, pontuacao=57}
Filme{rank=989, titulo='Martyrs', generos=[Horror], descricao='"A young woman's quest for revenge against the people who kidnapped and tormented her as a child leads her and a friend, who is also a victim of child abuse, on a terrifying journey into a living hell of depravity."', diretor='Pascal Laugier', atores=["Morjana Alaoui,  Mylène Jampanoï,  Catherine Bégin, Robert Toupin"], ano=2008, duracao=99, avaliacao=7.1, votos=63785, receita=0.00, pontuacao=89}
Filme{rank=854, titulo='Vicky Cristina Barcelona', generos=["Drama, Romance"], descricao='"Two girlfriends on a summer holiday in Spain become enamored with the same painter, unaware that his ex-wife, with whom he has a tempestuous relationship, is about to re-enter the picture."', diretor='Woody Allen', atores=["Rebecca Hall,  Scarlett Johansson,  Javier Bardem, Christopher Evan Welch"], ano=2008, duracao=96, avaliacao=7.1, votos=208770, receita=23.21, pontuacao=70}
Filme{rank=895, titulo='Rambo', generos=["Action, Thriller, War"], descricao='"In Thailand, John Rambo joins a group of missionaries to venture into war-torn Burma, and rescue a group of Christian aid workers who were kidnapped by the ruthless local infantry unit."', diretor='Sylvester Stallone', atores=["Sylvester Stallone,  Julie Benz,  Matthew Marsden,  Graham McTavish"], ano=2008, duracao=92, avaliacao=7.1, votos=187077, receita=42.72, pontuacao=46}
Filme{rank=178, titulo='Tropic Thunder', generos=["Action, Comedy"], descricao='"Through a series of freak occurrences, a group of actors shooting a big-budget war movie are forced to become the soldiers they are portraying."', diretor='Ben Stiller', atores=["Ben Stiller,  Jack Black,  Robert Downey Jr.,  Jeff Kahn"], ano=2008, duracao=107, avaliacao=7.0, votos=321442, receita=110.42, pontuacao=71}
Filme{rank=493, titulo='Cloverfield', generos=["Action, Horror, Sci-Fi"], descricao='A group of friends venture deep into the streets of New York on a rescue mission during a rampaging monster attack.', diretor='Matt Reeves', atores=["Mike Vogel,  Jessica Lucas,  Lizzy Caplan,  T.J. Miller"], ano=2008, duracao=85, avaliacao=7.0, votos=313803, receita=80.03, pontuacao=64}
Filme{rank=661, titulo='Pineapple Express', generos=["Action, Comedy, Crime"], descricao='A process server and his marijuana dealer wind up on the run from hitmen and a corrupt police officer after he witnesses his dealer's boss murder a competitor while trying to serve papers on him.', diretor='David Gordon Green', atores=["Seth Rogen,  James Franco,  Gary Cole,  Danny McBride"], ano=2008, duracao=111, avaliacao=7.0, votos=267872, receita=87.34, pontuacao=64}
Filme{rank=610, titulo='Hellboy II: The Golden Army', generos=["Action, Adventure, Fantasy"], descricao='"The mythical world starts a rebellion against humanity in order to rule the Earth, so Hellboy and his team must save the world from the rebellious creatures."', diretor='Guillermo del Toro', atores=["Ron Perlman,  Selma Blair,  Doug Jones,  John Alexander"], ano=2008, duracao=120, avaliacao=7.0, votos=216932, receita=75.75, pontuacao=78}
Filme{rank=361, titulo='Step Brothers', generos=[Comedy], descricao='Two aimless middle-aged losers still living at home are forced against their will to become roommates when their parents marry.', diretor='Adam McKay', atores=["Will Ferrell,  John C. Reilly,  Mary Steenburgen, Richard Jenkins"], ano=2008, duracao=98, avaliacao=6.9, votos=223065, receita=100.47, pontuacao=51}
Filme{rank=397, titulo='The Incredible Hulk', generos=["Action, Adventure, Sci-Fi"], descricao='"Bruce Banner, a scientist on the run from the U.S. Government, must find a cure for the monster he emerges whenever he loses his temper."', diretor='Louis Leterrier', atores=["Edward Norton,  Liv Tyler,  Tim Roth,  William Hurt"], ano=2008, duracao=112, avaliacao=6.8, votos=342355, receita=134.52, pontuacao=61}
Filme{rank=851, titulo='21', generos=["Crime, Drama, Thriller"], descricao='"""21"" is the fact-based story about six MIT students who were trained to become experts in card counting and subsequently took Vegas casinos for millions in winnings."', diretor='Robert Luketic', atores=["Jim Sturgess,  Kate Bosworth,  Kevin Spacey,  Aaron Yoo"], ano=2008, duracao=123, avaliacao=6.8, votos=198395, receita=81.16, pontuacao=48}
Filme{rank=963, titulo='The Other Boleyn Girl', generos=["Biography, Drama, History"], descricao='Two sisters contend for the affection of King Henry VIII.', diretor='Justin Chadwick', atores=["Natalie Portman,  Scarlett Johansson,  Eric Bana, Jim Sturgess"], ano=2008, duracao=115, avaliacao=6.7, votos=88260, receita=26.81, pontuacao=50}
Filme{rank=374, titulo='Wanted', generos=["Action, Crime, Fantasy"], descricao='"A frustrated office worker learns that he is the son of a professional assassin, and that he shares his father's superhuman killing abilities."', diretor='Timur Bekmambetov', atores=["Angelina Jolie,  James McAvoy,  Morgan Freeman,  Terence Stamp"], ano=2008, duracao=110, avaliacao=6.7, votos=312495, receita=134.57, pontuacao=64}
Filme{rank=704, titulo='Australia', generos=["Adventure, Drama, Romance"], descricao='"Set in northern Australia before World War II, an English aristocrat who inherits a sprawling ranch reluctantly pacts with a stock-man in order to protect her new property from a takeover plot. As the pair drive 2,000 head of cattle over unforgiving landscape, they experience the bombing of Darwin, Australia, by Japanese forces firsthand."', diretor='Baz Luhrmann', atores=["Nicole Kidman,  Hugh Jackman,  Shea Adams,  Eddie Baroo"], ano=2008, duracao=165, avaliacao=6.6, votos=106115, receita=49.55, pontuacao=53}
Filme{rank=597, titulo='Never Back Down', generos=["Action, Drama, Sport"], descricao='A frustrated and conflicted teenager arrives at a new high school to discover an underground fight club and meet a classmate who begins to coerce him into fighting.', diretor='Jeff Wadlow', atores=["Sean Faris,  Djimon Hounsou,  Amber Heard,  Cam Gigandet"], ano=2008, duracao=110, avaliacao=6.6, votos=84083, receita=24.85, pontuacao=39}
Filme{rank=793, titulo='Zack and Miri Make a Porno', generos=["Comedy, Romance"], descricao='"Lifelong platonic friends Zack and Miri look to solve their respective cash-flow problems by making an adult film together. As the cameras roll, however, the duo begin to sense that they may have more feelings for each other than they previously thought."', diretor='Kevin Smith', atores=["Seth Rogen,  Elizabeth Banks,  Craig Robinson,  Gerry Bednob"], ano=2008, duracao=101, avaliacao=6.6, votos=154936, receita=31.45, pontuacao=56}
Filme{rank=771, titulo='Quantum of Solace', generos=["Action, Adventure, Thriller"], descricao='"James Bond descends into mystery as he tries to stop a mysterious organization from eliminating a country's most valuable resource. All the while, he still tries to seek revenge over the death of his love."', diretor='Marc Forster', atores=["Daniel Craig,  Olga Kurylenko,  Mathieu Amalric,  Judi Dench"], ano=2008, duracao=106, avaliacao=6.6, votos=347798, receita=168.37, pontuacao=58}
Filme{rank=764, titulo='Eagle Eye', generos=["Action, Mystery, Thriller"], descricao='"Jerry and Rachel are two strangers thrown together by a mysterious phone call from a woman they have never met. Threatening their lives and family, she pushes Jerry and Rachel into a series of increasingly dangerous situations, using the technology of everyday life to track and control their every move."', diretor='D.J. Caruso', atores=["Shia LaBeouf,  Michelle Monaghan,  Rosario Dawson, Michael Chiklis"], ano=2008, duracao=118, avaliacao=6.6, votos=156158, receita=101.11, pontuacao=43}
Filme{rank=129, titulo='Mamma Mia!', generos=["Comedy, Family, Musical"], descricao='The story of a bride-to-be trying to find her real father told using hit songs by the popular '70s group ABBA.', diretor='Phyllida Lloyd', atores=["Meryl Streep,  Pierce Brosnan,  Amanda Seyfried, Stellan Skarsgård"], ano=2008, duracao=108, avaliacao=6.4, votos=153481, receita=143.7, pontuacao=51}
Filme{rank=955, titulo='Death Race', generos=["Action, Sci-Fi, Thriller"], descricao='Ex-con Jensen Ames is forced by the warden of a notorious prison to compete in our post-industrial world's most popular sport: a car race in which inmates must brutalize and kill one another on the road to victory.', diretor='Paul W.S. Anderson', atores=["Jason Statham,  Joan Allen,  Tyrese Gibson,  Ian McShane"], ano=2008, duracao=105, avaliacao=6.4, votos=173731, receita=36.06, pontuacao=43}
Filme{rank=790, titulo='Hancock', generos=["Action, Crime, Drama"], descricao='Hancock is a superhero whose ill considered behavior regularly causes damage in the millions. He changes when the person he saves helps him improve his public image.', diretor='Peter Berg', atores=["Will Smith,  Charlize Theron,  Jason Bateman,  Jae Head"], ano=2008, duracao=92, avaliacao=6.4, votos=366138, receita=227.95, pontuacao=49}
Filme{rank=718, titulo='The Strangers', generos=["Horror, Mystery, Thriller"], descricao='A young couple staying in an isolated vacation home are terrorized by three unknown assailants.', diretor='Bryan Bertino', atores=["Scott Speedman,  Liv Tyler,  Gemma Ward,  Alex Fisher"], ano=2008, duracao=86, avaliacao=6.2, votos=96718, receita=52.53, pontuacao=47}
Filme{rank=768, titulo='Indiana Jones and the Kingdom of the Crystal Skull', generos=["Action, Adventure, Fantasy"], descricao='"Famed archaeologist/adventurer Dr. Henry ""Indiana"" Jones is called back into action when he becomes entangled in a Soviet plot to uncover the secret behind mysterious artifacts known as the Crystal Skulls."', diretor='Steven Spielberg', atores=["Harrison Ford,  Cate Blanchett,  Shia LaBeouf, Karen Allen"], ano=2008, duracao=122, avaliacao=6.2, votos=351361, receita=317.01, pontuacao=65}
Filme{rank=998, titulo='Step Up 2: The Streets', generos=["Drama, Music, Romance"], descricao='Romantic sparks occur between two dance students from different backgrounds at the Maryland School of the Arts.', diretor='Jon M. Chu', atores=["Robert Hoffman,  Briana Evigan,  Cassie Ventura,  Adam G. Sevani"], ano=2008, duracao=98, avaliacao=6.2, votos=70699, receita=58.01, pontuacao=50}
Filme{rank=941, titulo='The Midnight Meat Train', generos=["Horror, Mystery"], descricao='"A photographer's obsessive pursuit of dark subject matter leads him into the path of a serial killer who stalks late night commuters, ultimately butchering them in the most gruesome ways imaginable."', diretor='Ryûhei Kitamura', atores=["Vinnie Jones,  Bradley Cooper,  Leslie Bibb,  Brooke Shields"], ano=2008, duracao=98, avaliacao=6.1, votos=50255, receita=0.07, pontuacao=58}
Filme{rank=688, titulo='Jumper', generos=["Action, Adventure, Sci-Fi"], descricao='A teenager with teleportation abilities suddenly finds himself in the middle of an ancient war between those like him and their sworn annihilators.', diretor='Doug Liman', atores=["Hayden Christensen,  Samuel L. Jackson,  Jamie Bell, Rachel Bilson"], ano=2008, duracao=88, avaliacao=6.1, votos=252503, receita=80.17, pontuacao=35}
Filme{rank=834, titulo='Fool's Gold', generos=["Action, Adventure, Comedy"], descricao='A new clue to the whereabouts of a lost treasure rekindles a married couple's sense of adventure -- and their estranged romance.', diretor='Andy Tennant', atores=["Matthew McConaughey,  Kate Hudson,  Donald Sutherland,  Alexis Dziena"], ano=2008, duracao=112, avaliacao=5.7, votos=62719, receita=70.22, pontuacao=29}
Filme{rank=894, titulo='Sex and the City', generos=["Comedy, Drama, Romance"], descricao='A New York writer on sex and love is finally getting married to her Mr. Big. But her three best girlfriends must console her after one of them inadvertently leads Mr. Big to jilt her.', diretor='Michael Patrick King', atores=["Sarah Jessica Parker,  Kim Cattrall,  Cynthia Nixon,  Kristin Davis"], ano=2008, duracao=145, avaliacao=5.5, votos=102547, receita=152.64, pontuacao=53}
Filme{rank=838, titulo='You Don't Mess with the Zohan', generos=["Action, Comedy"], descricao='An Israeli Special Forces Soldier fakes his death so he can re-emerge in New York City as a hair stylist.', diretor='Dennis Dugan', atores=["Adam Sandler,  John Turturro,  Emmanuelle Chriqui, Nick Swardson"], ano=2008, duracao=113, avaliacao=5.5, votos=163144, receita=100.02, pontuacao=54}
Filme{rank=304, titulo='The House Bunny', generos=["Comedy, Romance"], descricao='"After Playboy bunny Shelley is kicked out of the playboy mansion, she finds a job as the house mother for a sorority full of socially awkward girls."', diretor='Fred Wolf', atores=["Anna Faris,  Colin Hanks,  Emma Stone,  Kat Dennings"], ano=2008, duracao=97, avaliacao=5.5, votos=67033, receita=48.24, pontuacao=55}
Filme{rank=740, titulo='The Mummy: Tomb of the Dragon Emperor', generos=["Action, Adventure, Fantasy"], descricao='"In the Far East, Alex O'Connell, the son of famed mummy fighters Rick and Evy O'Connell, unearths the mummy of the first Emperor of Qin -- a shape-shifting entity cursed by a witch centuries ago."', diretor='Rob Cohen', atores=["Brendan Fraser,  Jet Li,  Maria Bello,  Michelle Yeoh"], ano=2008, duracao=112, avaliacao=5.2, votos=124554, receita=102.18, pontuacao=31}
Filme{rank=166, titulo='Twilight', generos=["Drama, Fantasy, Romance"], descricao='A teenage girl risks everything when she falls in love with a vampire.', diretor='Catherine Hardwicke', atores=["Kristen Stewart,  Robert Pattinson,  Billy Burke, Sarah Clarke"], ano=2008, duracao=122, avaliacao=5.2, votos=361449, receita=191.45, pontuacao=56}
