Filme{rank=81, titulo='Inception', generos=["Action, Adventure, Sci-Fi"], descricao='"A thief, who steals corporate secrets through use of dream-sharing technology, is given the inverse task of planting an idea into the mind of a CEO."', diretor='Christopher Nolan', atores=["Leonardo DiCaprio,  Joseph Gordon-Levitt,  Ellen Page,  Ken Watanabe"], ano=2010, duracao=148, avaliacao=8.8, votos=1583625, receita=292.57, pontuacao=74}
Filme{rank=689, titulo='Toy Story 3', generos=["Animation, Adventure, Comedy"], descricao='"The toys are mistakenly delivered to a day-care center instead of the attic right before Andy leaves for college, and it's up to Woody to convince the other toys that they weren't abandoned and to return home."', diretor='Lee Unkrich', atores=["Tom Hanks,  Tim Allen,  Joan Cusack,  Ned Beatty"], ano=2010, duracao=103, avaliacao=8.3, votos=586669, receita=414.98, pontuacao=92}
Filme{rank=714, titulo='Incendies', generos=["Drama, Mystery, War"], descricao='"Twins journey to the Middle East to discover their family history, and fulfill their mother's last wishes."', diretor='Denis Villeneuve', atores=["Lubna Azabal,  Mélissa Désormeaux-Poulin,  Maxim Gaudette,  Mustafa Kamel"], ano=2010, duracao=131, avaliacao=8.2, votos=92863, receita=6.86, pontuacao=80}
Filme{rank=139, titulo='Shutter Island', generos=["Mystery, Thriller"], descricao='"In 1954, a U.S. marshal investigates the disappearance of a murderess who escaped from a hospital for the criminally insane."', diretor='Martin Scorsese', atores=["Leonardo DiCaprio,  Emily Mortimer,  Mark Ruffalo, Ben Kingsley"], ano=2010, duracao=138, avaliacao=8.1, votos=855604, receita=127.97, pontuacao=63}
Filme{rank=773, titulo='How to Train Your Dragon', generos=["Animation, Action, Adventure"], descricao='"A hapless young Viking who aspires to hunt dragons becomes the unlikely friend of a young dragon himself, and learns there may be more to the creatures than he assumed."', diretor='Dean DeBlois', atores=["Jay Baruchel,  Gerard Butler, Christopher Mintz-Plasse,  Craig Ferguson"], ano=2010, duracao=98, avaliacao=8.1, votos=523893, receita=217.39, pontuacao=74}
Filme{rank=686, titulo='The King's Speech', generos=["Biography, Drama"], descricao='"The story of King George VI of the United Kingdom of Great Britain and Northern Ireland, his impromptu ascension to the throne and the speech therapist who helped the unsure monarch become worthy of it."', diretor='Tom Hooper', atores=["Colin Firth,  Geoffrey Rush,  Helena Bonham Carter, Derek Jacobi"], ano=2010, duracao=118, avaliacao=8.0, votos=534388, receita=138.8, pontuacao=88}
Filme{rank=262, titulo='Black Swan', generos=["Drama, Thriller"], descricao='"A committed dancer wins the lead role in a production of Tchaikovsky's ""Swan Lake"" only to find herself struggling to maintain her sanity."', diretor='Darren Aronofsky', atores=["Natalie Portman,  Mila Kunis,  Vincent Cassel, Winona Ryder"], ano=2010, duracao=108, avaliacao=8.0, votos=581518, receita=106.95, pontuacao=79}
Filme{rank=408, titulo='Tangled', generos=["Animation, Adventure, Comedy"], descricao='"The magically long-haired Rapunzel has spent her entire life in a tower, but now that a runaway thief has stumbled upon her, she is about to discover the world for the first time, and who she really is."', diretor='Nathan Greno', atores=["Mandy Moore,  Zachary Levi,  Donna Murphy,  Ron Perlman"], ano=2010, duracao=100, avaliacao=7.8, votos=316459, receita=200.81, pontuacao=71}
Filme{rank=760, titulo='The Fighter', generos=["Action, Biography, Drama"], descricao='"A look at the early years of boxer ""Irish"" Micky Ward and his brother who helped train him before going pro in the mid 1980s."', diretor='David O. Russell', atores=["Mark Wahlberg,  Christian Bale,  Amy Adams, Melissa Leo"], ano=2010, duracao=116, avaliacao=7.8, votos=290056, receita=93.57, pontuacao=79}
Filme{rank=419, titulo='Harry Potter and the Deathly Hallows: Part 1', generos=["Adventure, Family, Fantasy"], descricao='"As Harry races against time and evil to destroy the Horcruxes, he uncovers the existence of three most powerful objects in the wizarding world: the Deathly Hallows."', diretor='David Yates', atores=["Daniel Radcliffe,  Emma Watson,  Rupert Grint,  Bill Nighy"], ano=2010, duracao=146, avaliacao=7.7, votos=357213, receita=294.98, pontuacao=65}
Filme{rank=220, titulo='Kick-Ass', generos=["Action, Comedy"], descricao='"Dave Lizewski is an unnoticed high school student and comic book fan who one day decides to become a superhero, even though he has no powers, training or meaningful reason to do so."', diretor='Matthew Vaughn', atores=["Aaron Taylor-Johnson,  Nicolas Cage,  Chloë Grace Moretz,  Garrett M. Brown"], ano=2010, duracao=117, avaliacao=7.7, votos=456749, receita=48.04, pontuacao=66}
Filme{rank=404, titulo='Despicable Me', generos=["Animation, Adventure, Comedy"], descricao='"When a criminal mastermind uses a trio of orphan girls as pawns for a grand scheme, he finds their love is profoundly changing him for the better."', diretor='Pierre Coffin', atores=["Steve Carell,  Jason Segel,  Russell Brand,  Julie Andrews"], ano=2010, duracao=95, avaliacao=7.7, votos=410607, receita=251.5, pontuacao=72}
Filme{rank=325, titulo='The Social Network', generos=["Biography, Drama"], descricao='"Harvard student Mark Zuckerberg creates the social networking site that would become known as Facebook, but is later sued by two brothers who claimed he stole their idea, and the co-founder who was later squeezed out of the business."', diretor='David Fincher', atores=["Jesse Eisenberg,  Andrew Garfield,  Justin Timberlake, Rooney Mara"], ano=2010, duracao=120, avaliacao=7.7, votos=510100, receita=96.92, pontuacao=95}
Filme{rank=744, titulo='True Grit', generos=["Adventure, Drama, Western"], descricao='A tough U.S. Marshal helps a stubborn teenager track down her father's murderer.', diretor='Ethan Coen', atores=["Jeff Bridges,  Matt Damon,  Hailee Steinfeld, Josh Brolin"], ano=2010, duracao=110, avaliacao=7.6, votos=254904, receita=171.03, pontuacao=80}
Filme{rank=818, titulo='127 Hours', generos=["Adventure, Biography, Drama"], descricao='"An adventurous mountain climber becomes trapped under a boulder while canyoneering alone near Moab, Utah and resorts to desperate measures in order to survive."', diretor='Danny Boyle', atores=["James Franco,  Amber Tamblyn,  Kate Mara,  Sean Bott"], ano=2010, duracao=94, avaliacao=7.6, votos=294010, receita=18.33, pontuacao=82}
Filme{rank=461, titulo='The Town', generos=["Crime, Drama, Thriller"], descricao='"As he plans his next job, a longtime thief tries to balance his feelings for a bank manager connected to one of his earlier heists, as well as the FBI agent looking to bring him and his crew down."', diretor='Ben Affleck', atores=["Ben Affleck,  Rebecca Hall,  Jon Hamm,  Jeremy Renner"], ano=2010, duracao=125, avaliacao=7.6, votos=294553, receita=92.17, pontuacao=74}
Filme{rank=159, titulo='Scott Pilgrim vs. the World', generos=["Action, Comedy, Fantasy"], descricao='Scott Pilgrim must defeat his new girlfriend's seven evil exes in order to win her heart.', diretor='Edgar Wright', atores=["Michael Cera,  Mary Elizabeth Winstead,  Kieran Culkin,  Alison Pill"], ano=2010, duracao=112, avaliacao=7.5, votos=291457, receita=31.49, pontuacao=69}
Filme{rank=444, titulo='Blue Valentine', generos=["Drama, Romance"], descricao='"The relationship of a contemporary married couple, charting their evolution over a span of years by cross-cutting between time periods."', diretor='Derek Cianfrance', atores=["Ryan Gosling,  Michelle Williams,  John Doman, Faith Wladyka"], ano=2010, duracao=112, avaliacao=7.4, votos=151409, receita=9.7, pontuacao=81}
Filme{rank=600, titulo='Megamind', generos=["Animation, Action, Comedy"], descricao='"The supervillain Megamind finally defeats his nemesis, the superhero Metro Man. But without a hero, he loses all purpose and must find new meaning to his life."', diretor='Tom McGrath', atores=["Will Ferrell,  Jonah Hill,  Brad Pitt,  Tina Fey"], ano=2010, duracao=95, avaliacao=7.3, votos=183926, receita=148.34, pontuacao=63}
Filme{rank=541, titulo='The Ghost Writer', generos=["Mystery, Thriller"], descricao='A ghostwriter hired to complete the memoirs of a former British prime minister uncovers secrets that put his own life in jeopardy.', diretor='Roman Polanski', atores=["Ewan McGregor,  Pierce Brosnan,  Olivia Williams, Jon Bernthal"], ano=2010, duracao=128, avaliacao=7.2, votos=137964, receita=15.52, pontuacao=77}
Filme{rank=596, titulo='Let Me In', generos=["Drama, Horror, Mystery"], descricao='A bullied young boy befriends a young female vampire who lives in secrecy with her guardian.', diretor='Matt Reeves', atores=["Kodi Smit-McPhee,  Chloë Grace Moretz,  Richard Jenkins,  Cara Buono"], ano=2010, duracao=116, avaliacao=7.2, votos=97141, receita=12.13, pontuacao=79}
Filme{rank=861, titulo='Remember Me', generos=["Drama, Romance"], descricao='"A romantic drama centered on two new lovers: Tyler, whose parents have split in the wake of his brother's suicide, and Ally, who lives each day to the fullest since witnessing her mother's murder."', diretor='Allen Coulter', atores=["Robert Pattinson,  Emilie de Ravin,  Caitlyn Rund, Moisés Acevedo"], ano=2010, duracao=113, avaliacao=7.2, votos=119376, receita=19.06, pontuacao=40}
Filme{rank=607, titulo='Winter's Bone', generos=[Drama], descricao='An unflinching Ozark Mountain girl hacks through dangerous social terrain as she hunts down her drug-dealing father while trying to keep her family intact.', diretor='Debra Granik', atores=["Jennifer Lawrence,  John Hawkes,  Garret Dillahunt, Isaiah Stone"], ano=2010, duracao=100, avaliacao=7.2, votos=116435, receita=null, pontuacao=null}
Filme{rank=703, titulo='RED', generos=["Action, Comedy, Crime"], descricao='"When his peaceful life is threatened by a high-tech assassin, former black-ops agent Frank Moses reassembles his old team in a last ditch effort to survive and uncover his assailants."', diretor='Robert Schwentke', atores=["Bruce Willis,  Helen Mirren,  Morgan Freeman, Mary-Louise Parker"], ano=2010, duracao=111, avaliacao=7.1, votos=250012, receita=90.36, pontuacao=60}
Filme{rank=516, titulo='Easy A', generos=["Comedy, Drama, Romance"], descricao='A clean-cut high school student relies on the school's rumor mill to advance her social and financial standing.', diretor='Will Gluck', atores=["Emma Stone,  Amanda Bynes,  Penn Badgley,  Dan Byrd"], ano=2010, duracao=92, avaliacao=7.1, votos=294950, receita=58.4, pontuacao=72}
Filme{rank=525, titulo='Trust', generos=["Crime, Drama, Thriller"], descricao='A teenage girl is targeted by an online sexual predator.', diretor='David Schwimmer', atores=["Clive Owen,  Catherine Keener,  Liana Liberato, Jason Clarke"], ano=2010, duracao=106, avaliacao=7.0, votos=36043, receita=0.06, pontuacao=60}
Filme{rank=451, titulo='Iron Man 2', generos=["Action, Adventure, Sci-Fi"], descricao='"With the world now aware of his identity as Iron Man, Tony Stark must contend with both his declining health and a vengeful mad man with ties to his father's legacy."', diretor='Jon Favreau', atores=["Robert Downey Jr.,  Mickey Rourke,  Gwyneth Paltrow, Don Cheadle"], ano=2010, duracao=124, avaliacao=7.0, votos=556666, receita=312.06, pontuacao=57}
Filme{rank=492, titulo='The Book of Eli', generos=["Action, Adventure, Drama"], descricao='"A post-apocalyptic tale, in which a lone man fights his way across America in order to protect a sacred book that holds the secrets to saving humankind."', diretor='Albert Hughes', atores=["Denzel Washington,  Mila Kunis,  Ray Stevenson,  Gary Oldman"], ano=2010, duracao=118, avaliacao=6.9, votos=241359, receita=94.82, pontuacao=53}
Filme{rank=938, titulo='Super', generos=["Comedy, Drama"], descricao='"After his wife falls under the influence of a drug dealer, an everyday guy transforms himself into Crimson Bolt, a superhero with the best intentions, but lacking in heroic skills."', diretor='James Gunn', atores=["Rainn Wilson,  Ellen Page,  Liv Tyler,  Kevin Bacon"], ano=2010, duracao=96, avaliacao=6.8, votos=64535, receita=0.32, pontuacao=50}
Filme{rank=653, titulo='Insidious', generos=["Horror, Mystery, Thriller"], descricao='A family looks to prevent evil spirits from trapping their comatose child in a realm called The Further.', diretor='James Wan', atores=["Patrick Wilson,  Rose Byrne,  Ty Simpkins,  Lin Shaye"], ano=2010, duracao=103, avaliacao=6.8, votos=219916, receita=53.99, pontuacao=52}
Filme{rank=845, titulo='Unstoppable', generos=["Action, Thriller"], descricao='"With an unmanned, half-mile-long freight train barreling toward a city, a veteran engineer and a young conductor race against the clock to prevent a catastrophe."', diretor='Tony Scott', atores=["Denzel Washington,  Chris Pine,  Rosario Dawson,  Ethan Suplee"], ano=2010, duracao=98, avaliacao=6.8, votos=157499, receita=81.56, pontuacao=69}
Filme{rank=578, titulo='Tron', generos=["Action, Adventure, Sci-Fi"], descricao='The son of a virtual world designer goes looking for his father and ends up inside the digital world that his father designed. He meets his father's corrupted creation and a unique ally who was born inside the digital world.', diretor='Joseph Kosinski', atores=["Jeff Bridges,  Garrett Hedlund,  Olivia Wilde,  Bruce Boxleitner"], ano=2010, duracao=125, avaliacao=6.8, votos=273959, receita=172.05, pontuacao=49}
Filme{rank=729, titulo='The A-Team', generos=["Action, Adventure, Comedy"], descricao='"A group of Iraq War veterans looks to clear their name with the U.S. military, who suspect the four men of committing a crime for which they were framed."', diretor='Joe Carnahan', atores=["Liam Neeson,  Bradley Cooper,  Sharlto Copley, Jessica Biel"], ano=2010, duracao=117, avaliacao=6.8, votos=219116, receita=77.21, pontuacao=47}
Filme{rank=388, titulo='Robin Hood', generos=["Action, Adventure, Drama"], descricao='"In 12th century England, Robin and his band of marauders confront corruption in a local village and lead an uprising against the crown that will forever alter the balance of world power."', diretor='Ridley Scott', atores=["Russell Crowe,  Cate Blanchett,  Matthew Macfadyen, Max von Sydow"], ano=2010, duracao=140, avaliacao=6.7, votos=221117, receita=105.22, pontuacao=53}
Filme{rank=470, titulo='The Other Guys', generos=["Action, Comedy, Crime"], descricao='Two mismatched New York City detectives seize an opportunity to step up like the city's top cops whom they idolize -- only things don't quite go as planned.', diretor='Adam McKay', atores=["Will Ferrell,  Mark Wahlberg,  Derek Jeter,  Eva Mendes"], ano=2010, duracao=107, avaliacao=6.7, votos=199900, receita=119.22, pontuacao=64}
Filme{rank=631, titulo='Love & Other Drugs', generos=["Comedy, Drama, Romance"], descricao='A young woman suffering from Parkinson's befriends a drug rep working for Pfizer in 1990s Pittsburgh.', diretor='Edward Zwick', atores=["Jake Gyllenhaal,  Anne Hathaway,  Judy Greer,  Oliver Platt"], ano=2010, duracao=112, avaliacao=6.7, votos=151519, receita=32.36, pontuacao=55}
Filme{rank=807, titulo='Prince of Persia: The Sands of Time', generos=["Action, Adventure, Fantasy"], descricao='A young fugitive prince and princess must stop a villain who unknowingly threatens to destroy the world with a special dagger that enables the magic sand inside to reverse time.', diretor='Mike Newell', atores=["Jake Gyllenhaal,  Gemma Arterton,  Ben Kingsley, Alfred Molina"], ano=2010, duracao=116, avaliacao=6.6, votos=233148, receita=90.76, pontuacao=50}
Filme{rank=875, titulo='Life as We Know It', generos=["Comedy, Drama, Romance"], descricao='Two single adults become caregivers to an orphaned girl when their mutual best friends die in an accident.', diretor='Greg Berlanti', atores=["Katherine Heigl,  Josh Duhamel,  Josh Lucas,  Alexis Clagett"], ano=2010, duracao=114, avaliacao=6.6, votos=101301, receita=53.36, pontuacao=39}
Filme{rank=705, titulo='Faster', generos=["Action, Crime, Drama"], descricao='An ex-con gets on a series of apparently unrelated killings. He gets tracked by a veteran cop with secrets of his own and an egocentric hit man.', diretor='George Tillman Jr.', atores=["Dwayne Johnson,  Billy Bob Thornton,  Maggie Grace,  Mauricio Lopez"], ano=2010, duracao=98, avaliacao=6.5, votos=83788, receita=23.23, pontuacao=44}
Filme{rank=561, titulo='The Expendables', generos=["Action, Adventure, Thriller"], descricao='A CIA operative hires a team of mercenaries to eliminate a Latin dictator and a renegade CIA agent.', diretor='Sylvester Stallone', atores=["Sylvester Stallone,  Jason Statham,  Jet Li,  Dolph Lundgren"], ano=2010, duracao=103, avaliacao=6.5, votos=283282, receita=102.98, pontuacao=45}
Filme{rank=548, titulo='Alice in Wonderland', generos=["Adventure, Family, Fantasy"], descricao='"Nineteen-year-old Alice returns to the magical world from her childhood adventure, where she reunites with her old friends and learns of her true destiny: to end the Red Queen's reign of terror."', diretor='Tim Burton', atores=["Mia Wasikowska,  Johnny Depp,  Helena Bonham Carter, Anne Hathaway"], ano=2010, duracao=108, avaliacao=6.5, votos=324898, receita=334.19, pontuacao=53}
Filme{rank=491, titulo='Stake Land', generos=["Drama, Horror, Sci-Fi"], descricao='Martin was a normal teenage boy before the country collapsed in an empty pit of economic and political disaster. A vampire epidemic has swept across what is left of the nation's abandoned ... See full summary »', diretor='Jim Mickle', atores=["Connor Paolo,  Nick Damici,  Kelly McGillis,  Gregory Jones"], ano=2010, duracao=98, avaliacao=6.5, votos=36091, receita=0.02, pontuacao=66}
Filme{rank=305, titulo='She's Out of My League', generos=["Comedy, Romance"], descricao='"An average Joe meets the perfect woman, but his lack of confidence and the influence of his friends and family begin to pick away at the relationship."', diretor='Jim Field Smith', atores=["Jay Baruchel,  Alice Eve,  T.J. Miller,  Mike Vogel"], ano=2010, duracao=104, avaliacao=6.4, votos=105619, receita=31.58, pontuacao=46}
Filme{rank=228, titulo='Predators', generos=["Action, Adventure, Sci-Fi"], descricao='A group of elite warriors parachute into an unfamiliar jungle and are hunted by members of a merciless alien race.', diretor='Nimród Antal', atores=["Adrien Brody,  Laurence Fishburne,  Topher Grace, Alice Braga"], ano=2010, duracao=107, avaliacao=6.4, votos=179450, receita=52, pontuacao=51}
Filme{rank=921, titulo='Centurion', generos=["Action, Adventure, Drama"], descricao='A splinter group of Roman soldiers fight for their lives behind enemy lines after their legion is decimated in a devastating guerrilla attack.', diretor='Neil Marshall', atores=["Michael Fassbender,  Dominic West,  Olga Kurylenko, Andreas Wisniewski"], ano=2010, duracao=97, avaliacao=6.4, votos=67801, receita=0.12, pontuacao=62}
Filme{rank=467, titulo='Salt', generos=["Action, Crime, Mystery"], descricao='A CIA agent goes on the run after a defector accuses her of being a Russian spy.', diretor='Phillip Noyce', atores=["Angelina Jolie,  Liev Schreiber,  Chiwetel Ejiofor,  Daniel Olbrychski"], ano=2010, duracao=100, avaliacao=6.4, votos=255813, receita=118.31, pontuacao=65}
Filme{rank=964, titulo='I Spit on Your Grave', generos=["Crime, Horror, Thriller"], descricao='"A writer who is brutalized during her cabin retreat seeks revenge on her attackers, who left her for dead."', diretor='Steven R. Monroe', atores=["Sarah Butler,  Jeff Branson,  Andrew Howard, Daniel Franzese"], ano=2010, duracao=108, avaliacao=6.3, votos=60133, receita=0.09, pontuacao=27}
Filme{rank=580, titulo='All Good Things', generos=["Crime, Drama, Mystery"], descricao='"Mr. David Marks was suspected but never tried for killing his wife Katie who disappeared in 1982, but the truth is eventually revealed."', diretor='Andrew Jarecki', atores=["Ryan Gosling,  Kirsten Dunst,  Frank Langella,  Lily Rabe"], ano=2010, duracao=101, avaliacao=6.3, votos=44158, receita=0.58, pontuacao=57}
Filme{rank=725, titulo='The Karate Kid', generos=["Action, Drama, Family"], descricao='"Work causes a single mother to move to China with her young son; in his new home, the boy embraces kung fu, taught to him by a master."', diretor='Harald Zwart', atores=["Jackie Chan,  Jaden Smith,  Taraji P. Henson,  Wenwen Han"], ano=2010, duracao=140, avaliacao=6.2, votos=127983, receita=176.59, pontuacao=61}
Filme{rank=142, titulo='Diary of a Wimpy Kid', generos=["Comedy, Family"], descricao='"The adventures of a teenager who is fresh out of elementary and transitions to middle school, where he has to learn the consequences and responsibility to survive the year."', diretor='Thor Freudenthal', atores=["Zachary Gordon,  Robert Capron,  Rachael Harris, Steve Zahn"], ano=2010, duracao=94, avaliacao=6.2, votos=34184, receita=64, pontuacao=56}
